<?xml version="1.0" encoding="UTF-8"?>

<databaseChangeLog xmlns="http://www.liquibase.org/xml/ns/dbchangelog"
	xmlns:xsi="http://www.w3.org/2001/XMLSchema-instance"
	xsi:schemaLocation="http://www.liquibase.org/xml/ns/dbchangelog
         http://www.liquibase.org/xml/ns/dbchangelog/dbchangelog-3.1.xsd">



	<preConditions onFail="HALT">
		<dbms type="postgresql" />
	</preConditions>

	<changeSet id="init" author="Jonathan">
		<preConditions onFail="CONTINUE">
			<not>
				<tableExists tableName="EXAMPLE_TABLE" />
			</not>
		</preConditions>
		<createTable tableName="EXAMPLE_TABLE">
			<column name="ID" type="int">
				<constraints primaryKey="true" nullable="false" />
			</column>
			<column name="USECOUNT" type="int">
				<constraints nullable="true" />
			</column>
		</createTable>
	</changeSet>



</databaseChangeLog>